01	Lorem 	ipsum 	dolor 		sit 	amet	, 		consectetur 		adipiscing elit. Sed 		do 		eiusmod 		tempor 	incididunt 		ut 		labore 		et 	dolore 	magna 	aliqua	".
"
02	Lorem 	ipsum 	dolor 	etiam sits 		amet	, 		consectetur 	vero 	adipiscing elit. Sed 		do 		eiusmod 		tempor 	incididunt 		ut 		labore 		et 	dolore 	magna 	aliqua	".
"
03	Lorem 	ipsum 	dolor 	igitur 	sit 	amet	, 		consectetur 		adipiscing elit. Sed 		do 	etiam 	eiusmod 		tempor 	incididunt 		ut 	etiam 	labore 		et 	dolore 	magna 	aliqua	".
"
04	Lorem 	ipsum 	dolore 		sit 	amet	, 	igitur 	consectetur 		adipiscing elit. Sed 		do 		eiusmod 		tempor 	incididunt 		ut 	labori 			et 	dolore 	magna 	aliqua	".
"
05	Lorem 	ipsum 	dolor 		sit 	amet 	,	s 	consectetur 		adipiscing elit. Sed 		do 		eiusmod 		tempor 	incididunt 		ut 		labore 	enim 	et 	dolore 	magna 	aliqua	".
"
06	Lorem 	ipsum 	dolor 		sit		, 		consectetur 		adipiscing elit. Sed 	dos 			eiusmod 	autem 	tempor 	incididunt 		ut 		labore 		et 	dolore 	magna 	aliqua	".
"
07	Lorem 	ipsum 	dolar 		sit 	amet	, 		consectetur 		adipiscing elit. Sed 	dos 			eiusmod 		tempor 	incididunt 		ut 		labore 		et 	dolore 		aliqua	".
"
08	Lorem 		dolor 		sit 	amet	, 		consectetur 		adipiscing elit. Sed 		do 		eiusmod 	ropmet 		incididunt 	— 	ut 		labore 		et 	dolore 	magna 	aliqua	".
"
09	orem 	ipsum 	dolor 		sit 	amet	, 		consectetur 		adipiscing elit. Sed 	— 	do 		eiusmod 		tempor 	incididunt 		ut 		labore 	ets 		dolore 	magna		".
"
10	Lorem 	ipsum 	dolore 		sit 	amet	, 		consectetur 	metua 	adipiscing elit. Sed 		do 		eiusmod 		tempor 	incididunt 		ut 		labore 		et 	dolore 	magna 	aliqua	".
"

